License Permit ID,Premises County,Type,Class,Description,LegalName,DBA,Actual Address Of Premises,Additional Address Information,City,State Name,Zip Code,Original Issue Date,Last Issue Date,Effective Date,Expiration Date,Parent License ID,Legacy Serial Number,AKA Address,Georeference
0340-22-310126,Erie,1,340,Restaurant,TAISHO HERTEL INC,,1435 HERTEL AVE,,BUFFALO,New York,14216,05/15/2024,05/15/2024,06/01/2024,05/31/2026,,3168340,,POINT (-78.85481 42.94772)
0370-24-323527,Erie,1,370,Food & Beverage Business,CRUSHED ICE LLC,MINT,1225 NIAGARA ST,,BUFFALO,New York,14213,08/02/2024,08/02/2024,09/01/2024,08/31/2026,,6031989,,POINT (-78.8992 42.91719)
0340-21-318960,Erie,1,340,Restaurant,TACO COCINA ELLICOTT LLC,DEEP SOUTH TACO,291 ELLICOTT ST,,BUFFALO,New York,14203,11/21/2023,11/21/2023,12/01/2023,11/30/2025,,3156718,,POINT (-78.87179 42.88643)
0340-21-316075,Erie,1,340,Restaurant,JAMES J CARLUCCI,WILLIES,247 LUDINGTON ST,,BUFFALO,New York,14206,11/14/2023,11/14/2023,12/01/2023,11/30/2025,,3120870,,POINT (-78.80484 42.88731)
0340-21-316247,Erie,1,340,Restaurant,FUGAZI OF BUFFALO INC,FUGAZI,503 FRANKLIN ST,,BUFFALO,New York,14202,11/20/2023,11/20/2023,01/01/2024,12/31/2025,,3100514,,POINT (-78.87215 42.8999)
0340-21-320933,Erie,1,340,Restaurant,JANES GOAT LLC,BLACK DOTS,368 GRANT ST,,BUFFALO,New York,14213,12/26/2023,12/26/2023,01/01/2024,12/31/2025,,3163394,,POINT (-78.88988 42.9239)
0340-21-320051,Erie,1,340,Restaurant,DASH MARKETS INC,,1770 HERTEL AVE,,BUFFALO,New York,14216,12/01/2023,12/01/2023,12/01/2023,11/30/2025,,3163664,,POINT (-78.84246 42.94798)
0340-21-317417,Erie,1,340,Restaurant,"WELLINGTON PUB INC,THE",THE WELLINGTON PUB,1541 HERTEL AVE,,BUFFALO,New York,14216,11/16/2023,11/16/2023,11/16/2023,11/30/2025,,3101181,,POINT (-78.85102 42.94768)
0340-21-319186,Erie,1,340,Restaurant,BLACKTHORN RESTAURANT & PUB LLC,BLACKTHORN RESTAURANT & PUB,2134 SENECA ST,,BUFFALO,New York,14210,01/02/2024,01/02/2024,01/02/2024,12/31/2025,,3129931,,POINT (-78.80809 42.8544)
0340-21-320794,Erie,1,340,Restaurant,MAC & EMMETT LLC,JACK RABBIT,1010 ELMWOOD AVE,,BUFFALO,New York,14222,06/25/2024,06/25/2024,06/22/2024,10/31/2025,,3167122,,POINT (-78.87736 42.92484)
0340-21-319722,Erie,1,340,Restaurant,LLOYD TACO FACTORY LLC,LLOYD TACO FACTORY AND CHURN SOFTSERVE,1501 1503 HERTEL AVE,,BUFFALO,New York,14216,11/10/2023,11/10/2023,12/01/2023,11/30/2025,,3156087,,POINT (-78.85246 42.9477)
0340-21-320890,Erie,1,340,Restaurant,"JET 2727, INC",WAXLIGHT BAR A VIN,27 CHANDLER ST,,BUFFALO,New York,14207,11/07/2023,11/07/2023,12/01/2023,11/30/2025,,3163413,,POINT (-78.89048 42.9433)
0340-22-306255,Erie,1,340,Restaurant,"PLACE ON LEXINGTON II,INC, THE",THE PLACE,229 LEXINGTON AVE,,BUFFALO,New York,14222,03/18/2024,03/18/2024,04/01/2024,03/31/2026,,3156914,,POINT (-78.87853 42.9132)
0340-25-301768,Erie,1,340,Restaurant,Roseland's Atlas LLC,,492 Rhode Island St,,Buffalo,New York,14213,01/28/2025,01/28/2025,01/28/2025,12/31/2026,,6051195,,POINT (-78.88373 42.91261)
0340-22-309237,Erie,1,340,Restaurant,HUTCH & ASSOCIATES INC,,1375 1385 DELAWARE AVE,,BUFFALO,New York,14209,12/12/2024,12/12/2024,01/01/2025,12/31/2026,,3004909,,POINT (-78.86711 42.92183)
0370-23-333140,Erie,1,370,Food & Beverage Business,NOLA AVERY LLC,MOOR ROOM,1535 HERTEL AVE,,BUFFALO,New York,14216,06/03/2025,06/03/2025,07/01/2025,06/30/2027,,3166025,,POINT (-78.85128 42.94768)
0370-23-339378,Erie,1,370,Food & Beverage Business,1343 JEFFERSON AVE INC,ARTHUR'S PUB,596 GENESEE ST,,BUFFALO,New York,14204,07/22/2025,07/22/2025,08/01/2025,07/31/2027,,3156217,,POINT (-78.85409 42.89616)
0340-23-329673,Erie,1,340,Restaurant,BUFFALO SPORTSERVICE LLC,NEW AMSTERDAM VODKA BAR,KEY BANK CENTER,1 SEYMOUR H KNOX III PLAZA,BUFFALO,New York,14203,10/30/2024,10/30/2024,10/30/2024,08/31/2025,,3004765,,
0340-23-337869,Erie,1,340,Restaurant,CHARTERED PROFESSORS LLC,"GRAND ROOM, TACOMA PERFORMING ARTS CENTER",351 TACOMA AVE,,BUFFALO,New York,14216,03/07/2025,03/07/2025,04/01/2025,03/31/2027,,3165146,,POINT (-78.85975 42.95148)
0340-23-331248,Erie,1,340,Restaurant,BREEZY BURRITO CO INC,BREEZY BURRITO BAR,1000 ELMWOOD AVE,,BUFFALO,New York,14222,05/30/2025,05/30/2025,06/01/2025,05/31/2027,,3162719,,POINT (-78.87702 42.9244)
0340-23-335380,Erie,1,340,Restaurant,JJ'S CASA DI PIZZA INC,JJ'S CASA DI PIZZA INC,13 E MOHAWK ST,,BUFFALO,New York,14203,07/08/2025,07/08/2025,07/08/2025,06/30/2027,,3155025,,POINT (-78.87328 42.88712)
0340-23-334594,Erie,1,340,Restaurant,BOTTOMS UP V LLC,BOTTOMS UP,69 W CHIPPEWA ST,,BUFFALO,New York,14202,03/17/2025,03/17/2025,03/06/2025,02/28/2027,,3149633,,POINT (-78.87567 42.89056)
0340-24-311017,Erie,1,340,Restaurant,Buffalo Management and Catering Group LLC,THE STATLER LOBBY BAR,107 DELAWARE AVE,,BUFFALO,NY,14202,04/24/2024,04/24/2024,04/24/2024,03/31/2026,,6019175,,POINT (-78.87782 42.88741)
0340-23-334892,Erie,1,340,Restaurant,149 ELMWOOD LLC,SAVOY,149 ELMWOOD AVE,,BUFFALO,New York,14201,02/27/2025,02/27/2025,02/27/2025,01/31/2027,,3152988,,POINT (-78.87693 42.90096)
0340-23-339099,Erie,1,340,Restaurant,MARBLE AND RYE LLC,MARBLE AND RYE,112 GENESEE ST,,BUFFALO,New York,14203,05/12/2025,05/12/2025,07/01/2025,06/30/2027,,3155681,,POINT (-78.86985 42.88976)
0370-23-336273,Erie,1,370,Food & Beverage Business,RBT16 LLC,ROAMING BISON TAVERN,732 HERTEL AVE,,BUFFALO,New York,14207,05/27/2025,05/27/2025,06/01/2025,05/31/2027,,3158374,,POINT (-78.88125 42.94775)
0340-23-335036,Erie,1,340,Restaurant,TAPPO OF BUFFALO LLC,TAPPO,338 ELLICOTT ST,,BUFFALO,New York,14203,08/04/2025,08/04/2025,10/01/2025,09/30/2027,,3153607,,POINT (-78.87159 42.8879)
0340-22-306112,Erie,1,340,Restaurant,SPECIALTY RESTAURANTS CORPORATION,TEMPLETON LANDING RESTAURANT,2 TEMPLETON TERRACE,,BUFFALO,New York,14202,09/27/2024,09/27/2024,10/01/2024,09/30/2026,,3124664,,POINT (-78.88477 42.87937)
0340-22-302900,Erie,1,340,Restaurant,POIZE INC,POIZE,2081 NIAGARA ST,,BUFFALO,New York,14207,05/01/2024,05/01/2024,05/01/2024,04/30/2026,,3157330,,POINT (-78.90559 42.94099)
0340-23-330154,Erie,1,340,Restaurant,D & T RESTAURANT & LOUNGE INC,HAPPY SWALLOWS RESTAURANT,1349 SYCAMORE ST,,BUFFALO,New York,14211,01/24/2025,01/24/2025,02/01/2025,01/31/2027,,3004970,,POINT (-78.82266 42.90293)
0340-22-304863,Erie,1,340,Restaurant,ROCK WOBBLY LLC,COLTER BAY,561 565 DELAWARE AVE,,BUFFALO,New York,14202,10/02/2024,10/02/2024,11/01/2024,10/31/2026,,3157237,,POINT (-78.87391 42.89968)
0340-23-337281,Erie,1,340,Restaurant,"JOE'S N.Y. DELI, LLC",JOES DELI,1322 HERTEL AVE,,BUFFALO,New York,14216,01/21/2025,01/21/2025,02/01/2025,01/31/2027,,3162006,,POINT (-78.85947 42.94791)
0370-23-338241,Erie,1,370,Food & Beverage Business,SSA GROUP LLC,"SLICE, WILD BURGER & CUP & CONE",300 PARKSIDE AVE,,BUFFALO,New York,14214,03/24/2025,03/24/2025,04/01/2025,03/31/2027,,3165617,,POINT (-78.85067 42.93822)
0340-22-313528,Erie,1,340,Restaurant,AMHERST STREET 269 LLC,THE PHOENIX @ 269,269 AMHERST ST,,BUFFALO,New York,14207,07/08/2024,07/08/2024,07/08/2024,06/30/2026,,3160732,,POINT (-78.89353 42.93695)
0340-25-305739,Erie,1,340,Restaurant,Tahoe F&B LLC,Johnny D's Restaurant,2 Fountain Plz Ste 1,,Buffalo,NY,14202,03/26/2025,03/26/2025,03/26/2025,02/28/2027,,6055236,,POINT (-78.87432 42.8888)
0370-22-330981,Erie,1,370,Food & Beverage Business,DEL DENBYS INC,DEL DENBYS,1553 HERTEL AVE,,BUFFALO,New York,14216,09/27/2024,09/27/2024,10/01/2024,09/30/2026,,3007925,,POINT (-78.8505 42.94767)
0340-22-310985,Erie,1,340,Restaurant,"BE OUR GUEST, LTD.",PETTIBONES GRILL & FANFARE,1 JAMES D GRIFFIN PLAZA,CONCESSIONS,BUFFALO,New York,14203,03/26/2024,03/26/2024,04/01/2024,03/31/2026,,3004740,,POINT (-78.87445 42.88167)
0340-22-314177,Erie,1,340,Restaurant,"CAFE AT 59 ALLEN STREET INC, THE",CAFE 59,488 FRANKLIN ST,,BUFFALO,New York,14202,08/23/2024,08/23/2024,10/01/2024,09/30/2026,,3152525,,POINT (-78.87239 42.8992)
0340-23-334364,Erie,1,340,Restaurant,DAWJ LLC,THE OAKK ROOM,414 Pearl St,,Buffalo,New York,14202,02/27/2025,02/27/2025,02/01/2025,01/31/2027,,3149581,,POINT (-78.87401 42.89061)
0340-25-308732,Erie,1,340,Restaurant,Loud House Buffalo LLC,Loud House Buffalo,1735 Hertel Ave,,Buffalo,New York,14216,05/01/2025,05/01/2025,05/01/2025,04/30/2027,,6058292,,POINT (-78.84369 42.9476)
0340-23-329791,Erie,1,340,Restaurant,"UPTOWN GROUP ASSOCIATES, INC.",OLIVERS,2095 DELAWARE AVE,,BUFFALO,New York,14216,09/19/2023,09/19/2023,10/01/2023,09/30/2025,,3005128,,POINT (-78.86748 42.94099)
0340-23-334015,Erie,1,340,Restaurant,"MAGNOLIA EVENTS, LLC",THE TERRACE AT DELAWARE PARK,199 LINCOLN PKWY,,BUFFALO,New York,14222,02/03/2025,02/03/2025,02/03/2025,01/31/2027,,3157412,,POINT (-78.87465 42.93292)
0370-23-334988,Erie,1,370,Food & Beverage Business,GYPSY PARLOR INC,,376 GRANT ST,,BUFFALO,New York,14213,08/07/2025,08/07/2025,10/01/2025,09/30/2027,,3153920,,POINT (-78.88985 42.92417)
0340-22-308188,Erie,1,340,Restaurant,DIFRANCOS BUFFALO LLC,HOMBRE Y LOBO,149 SWAN ST,,BUFFALO,NY,14203,01/12/2024,01/12/2024,02/01/2024,01/31/2026,,3167866,,POINT (-78.86991 42.88087)
0340-22-314746,Erie,1,340,Restaurant,BELT LINE BREWING LLC,BELT LINE BREWERY & KITCHEN,545 SWAN ST,STE 200,BUFFALO,New York,14204,12/06/2024,12/06/2024,01/01/2025,12/31/2026,,3161531,,POINT (-78.85532 42.87832)
0370-22-331168,Erie,1,370,Food & Beverage Business,MADELYN CZERNIEJEWSKI,EAST SIDE INN II,221 LOMBARD ST,,BUFFALO,New York,14212,09/16/2024,09/16/2024,10/01/2024,09/30/2026,,3007917,,POINT (-78.8371 42.89212)
0370-22-331147,Erie,1,370,Food & Beverage Business,2340 INC,MR SPORTS,2340 SENECA ST,,BUFFALO,New York,14210,09/19/2024,09/19/2024,10/01/2024,09/30/2026,,3007905,,POINT (-78.80344 42.84996)
0370-23-333426,Erie,1,370,Food & Beverage Business,KELLIES SPORTS LOUNGE INC,KELLIES SPORTS LOUNGE,1803 S PARK AVE,,BUFFALO,New York,14220,06/04/2025,06/04/2025,07/01/2025,06/30/2027,,3171458,,POINT (-78.82379 42.84975)
0340-22-303079,Erie,1,340,Restaurant,"DINOSAUR RESTAURANTS, LLC",DINOSAUR BAR-B-QUE,301 FRANKLIN ST,,BUFFALO,New York,14202,01/24/2024,01/24/2024,02/01/2024,01/31/2026,,3153554,,POINT (-78.8742 42.89248)
0340-23-329551,Erie,1,340,Restaurant,GRAMMA MORAS MEXICAN RESTAURANT INC,,1463 1465 HERTEL AVE,NORWALK & STERLING,BUFFALO,New York,14216,08/15/2023,08/15/2023,09/01/2023,08/31/2025,,3005109,,POINT (-78.85385 42.94771)
0340-23-337486,Erie,1,340,Restaurant,LOS AGUACATES LLC,AGUACATES BAR & GRILL,765 ELMWOOD AVE,,BUFFALO,New York,14222,06/24/2025,06/24/2025,07/01/2025,06/30/2027,,3158976,,POINT (-78.87664 42.91804)
0340-23-330145,Erie,1,340,Restaurant,DON TEQUILA MEXICAN RESTAURANT LLC,LAFIESTA CANTINA,71 75 ALLEN ST,,BUFFALO,,14202,06/25/2025,06/25/2025,07/01/2025,06/30/2027,,3162234,,POINT (-78.87287 42.89943)
0340-22-309063,Erie,1,340,Restaurant,EPB OF BUFFALO INC,EDDIE BRADYS,97 GENESEE ST,,BUFFALO,New York,14203,12/10/2024,12/10/2024,01/01/2025,12/31/2026,,3004751,,POINT (-78.8705 42.8895)
0340-22-304239,Erie,1,340,Restaurant,727 ELMWOOD AVE LLC,FORTY THIEVES,727 ELMWOOD AVE,,BUFFALO,New York,14222,04/10/2024,04/10/2024,04/10/2024,03/31/2026,,3157402,,POINT (-78.87705 42.91696)
0340-22-303959,Erie,1,340,Restaurant,681 ENTERTAINMENT LLC,TOWN BALLROOM,681 MAIN ST,,BUFFALO,New York,14203,05/22/2024,05/22/2024,06/01/2024,05/31/2026,,3129752,,POINT (-78.87213 42.89244)
0340-23-327274,Erie,1,340,Restaurant,FRANK & TERESAS ANCHOR BAR INC,ANCHOR BAR,1047 MAIN ST,,BUFFALO,New York,14209,08/30/2023,08/30/2023,10/01/2023,09/30/2025,,3005660,,POINT (-78.86895 42.9024)
0340-23-357714,Erie,1,340,Restaurant,RIGHT THIS WAY SERVICES INC,THE GROTTO,60 62 NIAGARA STREET,,BUFFALO,New York,14202,10/11/2023,10/11/2023,10/11/2023,09/30/2025,,6000059,,POINT (-78.87716 42.88533)
0370-23-329674,Erie,1,370,Food & Beverage Business,BISON CITY ROD & GUN CLUB INC,,511 OHIO ST,,BUFFALO,New York,14204,02/05/2025,02/05/2025,03/01/2025,02/28/2027,,3004782,,POINT (-78.86789 42.86308)
0370-21-316310,Erie,1,370,Food & Beverage Business,SALLY COOK,COOKS BAR & GRILL,222 KATHERINE ST,,BUFFALO,NY,14210,10/17/2023,10/17/2023,10/17/2023,10/31/2025,,3110364,,POINT (-78.85789 42.8658)
0340-22-314010,Erie,1,340,Restaurant,TETON SKY CORPORATION,TETON KITCHEN ELMWOOD,153 ELMWOOD AVE,,BUFFALO,New York,14201,10/08/2024,10/08/2024,11/01/2024,10/31/2026,,3161496,,POINT (-78.87716 42.90118)
0370-23-338490,Erie,1,370,Food & Beverage Business,REVOLUTION GALLERY LLC,REVOLUTION GALLERY,1419 HERTEL AVE,,BUFFALO,New York,14216,05/09/2025,05/09/2025,06/01/2025,05/31/2027,,3170955,,POINT (-78.85552 42.94772)
0370-21-316140,Erie,1,370,Food & Beverage Business,THOMAS V KELLY,DALYS RESTAURANT,2423 SENECA ST,,BUFFALO,New York,14210,10/10/2023,10/10/2023,10/10/2023,09/30/2025,,3005663,,POINT (-78.80142 42.84825)
0340-23-361675,Erie,1,340,Restaurant,5 HURON LLC,STREET LIGHT BRASSERIE,5 E HURON ST,,BUFFALO,New York,14203,11/14/2023,11/14/2023,11/14/2023,10/31/2025,,6004040,,POINT (-78.87261 42.88852)
0340-23-335739,Erie,1,340,Restaurant,PEARL STREET BREWING CO LLC,(1ST FLOOR MAIN BAR),76 PEARL ST,,BUFFALO,NY,14202,06/18/2025,06/18/2025,07/01/2025,06/30/2027,,3166276,,POINT (-78.87736 42.8814)
0370-23-327268,Erie,1,370,Food & Beverage Business,MKMPG CORPORATION,THE NINE ELEVEN TAVERN,9 11 BLOOMFIELD AVE,,BUFFALO,New York,14220,09/07/2023,09/07/2023,10/01/2023,09/30/2025,,3005259,,POINT (-78.82329 42.84531)
0340-22-303433,Erie,1,340,Restaurant,732 LLC,TRATTORIA AROMA,307 BRYANT ST,,BUFFALO,New York,14222,05/23/2024,05/23/2024,06/01/2024,05/31/2026,,3130998,,POINT (-78.87845 42.90893)
0340-24-336299,Erie,1,340,Restaurant,DTMTS LLC,Quenelle,341 Franklin St,,Buffalo,NY,14202,11/15/2024,11/15/2024,11/15/2024,10/31/2026,,6045139,,POINT (-78.87406 42.89407)
0370-23-328396,Erie,1,370,Food & Beverage Business,CATTARAUGUS BREWING COMPANY LLC,BUFFALO OLDE BREWERY,1221 LOVEJOY ST,,BUFFALO,New York,14206,02/28/2025,02/28/2025,03/01/2025,02/28/2027,,3168073,,POINT (-78.80292 42.88975)
0340-22-307562,Erie,1,340,Restaurant,VICMS INC,"MARCO'S RESTAURANT, MARCO'S ITALIAN RESTAURANT",1085 NIAGARA ST,,BUFFALO,New York,14213,07/11/2024,07/11/2024,08/01/2024,07/31/2026,,3165324,,POINT (-78.89972 42.91288)
0370-23-333974,Erie,1,370,Food & Beverage Business,MILITARY ROAD TAVERN INC,MILITARY ROAD TAVERN,362 MILITARY RD,,BUFFALO,New York,14207,09/28/2023,09/28/2023,10/01/2023,09/30/2025,,3143456,,POINT (-78.89105 42.94685)
0340-24-314025,Erie,1,340,Restaurant,BRUNCHHOSPITALITY LLC,SOPHIAS BREAKFAST BAR AND GRILL,715 MILITARY RD,,BUFFALO,New York,14216,05/16/2024,05/16/2024,05/16/2024,04/30/2026,,6022280,,POINT (-78.88953 42.9568)
0340-22-304712,Erie,1,340,Restaurant,JACOBBI ENTERPRISES INC,GIACOBBI'S CUCINA CITTA,59 ALLEN ST,,BUFFALO,New York,14202,05/03/2024,05/03/2024,05/03/2024,04/30/2026,,3156976,,POINT (-78.87263 42.89942)
0340-22-312944,Erie,1,340,Restaurant,BATH RESTAURANT CORP.,INDIA GATE,1264 HERTEL AVE,,BUFFALO,New York,14216,02/29/2024,02/29/2024,02/29/2024,01/31/2026,,3167077,,POINT (-78.86122 42.94776)
0340-25-318500,Erie,1,340,Restaurant,Southcity Bar and Grill LLC,South City Tavern,1345 South Park Ave,,Buffalo,NY,14220,08/04/2025,08/04/2025,08/04/2025,07/31/2027,,6068202,,POINT (-78.83446 42.85884)
0340-24-319912,Erie,1,340,Restaurant,760 AUBURN AVENUE LLC,VINTAGE ROOM,88 W CHIPPEWA ST,,BUFFALO,NY,14202,06/28/2024,06/28/2024,06/28/2024,05/31/2026,,6028281,,POINT (-78.87635 42.89068)
0340-22-308730,Erie,1,340,Restaurant,"AMERICAN MULTI-CINEMA, INC.",AMC ARCADE 8,639 MAIN ST,,BUFFALO,New York,14203,10/18/2024,10/18/2024,11/01/2024,10/31/2026,,3161428,,POINT (-78.87252 42.89129)
0340-23-333617,Erie,1,340,Restaurant,TRIGGER B INC,LUCKY DAY,320 PEARL ST,,BUFFALO,New York,14202,04/08/2025,04/08/2025,06/01/2025,05/31/2027,,3158851,,POINT (-78.87478 42.8882)
0340-23-330620,Erie,1,340,Restaurant,TCB BUFFALO LLC,Juicy Burger Bar,1275 DELAWARE AVE,,BUFFALO,NY,14209,06/23/2025,06/23/2025,07/01/2025,06/30/2027,,3166836,,POINT (-78.86769 42.91864)
0340-22-313850,Erie,1,340,Restaurant,ECKL'S RESTAURANT II LLC,ECKL'S @LARKIN,701 SENECA ST,,BUFFALO,New York,14210,03/27/2024,03/27/2024,04/01/2024,03/31/2026,,3159460,,POINT (-78.85154 42.87632)
0340-24-329265,Erie,1,340,Restaurant,Horn of Africa Restaurant LLC,,610 Hertel Ave,,Buffalo,NY,14207,09/18/2024,09/18/2024,09/18/2024,08/31/2026,,6037924,,POINT (-78.88559 42.94731)
0340-23-335589,Erie,1,340,Restaurant,PATRICK AGYAPONG & OPHELIA AMPONSAH,YALLEY'S AFRICAN RESTAURANT,290 KENMORE AVE,#300   AKA 300 KENMORE,BUFFALO,New York,14223,06/25/2025,06/25/2025,06/25/2025,03/31/2027,,3170344,,POINT (-78.82872 42.95806)
0340-23-337973,Erie,1,340,Restaurant,BIG DITCH BREWING COMPANY LLC,,55 E HURON ST,,BUFFALO,New York,14203,04/21/2025,04/21/2025,05/01/2025,04/30/2027,,3155518,,POINT (-78.87067 42.8882)
0340-23-335285,Erie,1,340,Restaurant,2 RUSSELL INC,PARKSIDE MEADOW RESTAURANT,2 RUSSELL ST,,BUFFALO,New York,14214,05/05/2025,05/05/2025,06/01/2025,05/31/2027,,3156251,,POINT (-78.85042 42.93839)
0340-22-309062,Erie,1,340,Restaurant,COLONIE LOUNGE INC,COLONIE LOUNGE,1795 HERTEL AVE,,BUFFALO,New York,14216,05/15/2025,05/15/2025,07/01/2024,06/30/2026,,3005102,,POINT (-78.84137 42.94758)
0370-23-327148,Erie,1,370,Food & Beverage Business,WIECHECS LOUNGE INCORPORATED,WIECHECS LOUNGE,1748 CLINTON ST,,BUFFALO,New York,14206,09/26/2023,09/26/2023,10/01/2023,09/30/2025,,3004838,,POINT (-78.812 42.87193)
0370-23-329677,Erie,1,370,Food & Beverage Business,CATHOLIC CLUB OF KENMORE INC,,1530 KENMORE AVE,,BUFFALO,New York,14216,10/02/2023,10/02/2023,10/02/2023,09/30/2025,,3005101,,POINT (-78.8747 42.95834)
0340-22-306131,Erie,1,340,Restaurant,KJD PARTNERS LLC,THE BILLY CLUB,228 ALLEN ST,,BUFFALO,New York,14201,04/19/2024,04/19/2024,05/01/2024,04/30/2026,,3156312,,POINT (-78.87863 42.89947)
0340-22-307260,Erie,1,340,Restaurant,"CAVE63 LLC, THE",,63 MILITARY RD,,BUFFALO,NY,14207,01/12/2024,01/12/2024,02/01/2024,01/31/2026,,3163592,,POINT (-78.89257 42.93851)
0340-23-337968,Erie,1,340,Restaurant,BATH RESTAURANT CORP.,INDIA GATE,1116 ELMWOOD AVE,,BUFFALO,New York,14222,06/27/2025,06/27/2025,07/01/2025,06/30/2027,,3156209,,POINT (-78.87704 42.9276)
0340-23-329550,Erie,1,340,Restaurant,TLC WEST LLC,APPLEBEES NEIGHBORHOOD GRILL & BAR,2656 DELAWARE AVE,,BUFFALO,New York,14216,06/05/2025,06/05/2025,07/01/2025,06/30/2027,,3005126,,POINT (-78.86969 42.95651)
0370-23-327330,Erie,1,370,Food & Beverage Business,"Gaelic American Athletic Association of Buffalo, N.Y., Inc.",BUFFALO IRISH CENTER,245 ABBOTT RD,NOT-FOR-PROFIT,BUFFALO,New York,14220,03/24/2025,03/24/2025,04/01/2025,03/31/2027,,3005255,,POINT (-78.82086 42.85454)
0340-22-309020,Erie,1,340,Restaurant,1051 SHERIDAN LLC,IRON TAIL TAVERN,802 ELMWOOD AVE,,BUFFALO,New York,14222,05/28/2024,05/28/2024,06/01/2024,05/31/2026,,3162280,,POINT (-78.87727 42.91868)
0370-23-328679,Erie,1,370,Food & Beverage Business,PAUSA ART HOUSE LLC,PAUSA ART HOUSE,19 WADSWORTH ST,,BUFFALO,New York,14201,04/11/2025,04/11/2025,05/01/2025,04/30/2027,,3169609,,POINT (-78.8801 42.89998)
0370-23-361243,Erie,1,370,Food & Beverage Business,COWBOY OF CHIPPEWA INC THE,THE COWBOY,45 W CHIPPEWA ST,,BUFFALO,NY,14202,11/09/2023,11/09/2023,11/09/2023,11/30/2025,,6003605,,POINT (-78.87469 42.89042)
0340-22-304531,Erie,1,340,Restaurant,SAIGON CAFE INC,,520 ELMWOOD AVE,,BUFFALO,New York,14222,12/04/2024,12/04/2024,12/04/2024,11/30/2026,,3155330,,POINT (-78.8771 42.91116)
0340-22-310872,Erie,1,340,Restaurant,ULTIMATE RESTAURANTS INC,BACCHUS,56 W CHIPPEWA ST,,BUFFALO,New York,14202,09/26/2024,09/26/2024,10/01/2024,09/30/2026,,3115228,,POINT (-78.87492 42.89045)
0370-23-338550,Erie,1,370,Food & Beverage Business,1459 HERTEL AVE INC,THE SIDEBAR,1457 1459 HERTEL AVE,,BUFFALO,New York,14216,02/26/2025,02/26/2025,03/01/2025,02/28/2027,,3169368,,POINT (-78.85407 42.94772)
0340-24-309005,Erie,1,340,Restaurant,LBC HOSPITALITY INC,THE LUNCH BOX,465 Main St,Ste 110,Buffalo,New York,14203,04/03/2024,04/03/2024,04/03/2024,03/31/2026,,6017058,,POINT (-78.87406 42.88667)
0340-24-328114,Erie,1,340,Restaurant,Ranchos I LLC,Ranchos I,1516 Niagara St,,Buffalo,New York,14213,09/11/2024,09/11/2024,09/11/2024,08/31/2026,,6036717,,POINT (-78.89792 42.92557)
0340-23-334901,Erie,1,340,Restaurant,CENTER STAGE COMEDY BUFFALO LLC,HELIUM COMEDY CLUB / ELEMENTS,30 MISSISSIPPI ST,,BUFFALO,New York,14203,03/02/2025,03/02/2025,03/02/2025,02/28/2027,,3153005,,POINT (-78.87407 42.87428)
0340-23-330889,Erie,1,340,Restaurant,SODEXO OPERATIONS LLC & JEMALS EAT LLC,,1 SENECA ST,FL 3 & 4,BUFFALO,New York,14203,04/04/2025,04/04/2025,05/01/2025,04/30/2027,,3166006,,POINT (-78.8754 42.8805)
0370-23-327259,Erie,1,370,Food & Beverage Business,BLARNEYS CASTLE INC,BLARNEYS CASTLE,1856 SOUTH PARK AVE,,BUFFALO,New York,14220,02/24/2025,02/24/2025,03/01/2025,02/28/2027,,3005252,,POINT (-78.82371 42.84819)
0370-23-330142,Erie,1,370,Food & Beverage Business,LEINSTER F WEST III,DINNY'S PLACE,372 WILLIAM ST,,BUFFALO,New York,14204,05/05/2025,05/05/2025,05/05/2025,04/30/2027,,3004788,,POINT (-78.85758 42.88511)
0340-23-327273,Erie,1,340,Restaurant,COLES RESTAURANT INC,,1104 ELMWOOD AVE,,BUFFALO,New York,14222,09/19/2023,09/19/2023,10/01/2023,09/30/2025,,3005692,,POINT (-78.87704 42.9273)
0340-22-303005,Erie,1,340,Restaurant,GRAND ISLAND SERENE GARDENS LLC,SATO,739 ELMWOOD AVE,,BUFFALO,NY,14222,11/12/2024,11/12/2024,11/12/2024,11/30/2026,,3155626,,POINT (-78.87704 42.91729)
0370-23-362521,Erie,1,370,Food & Beverage Business,CATALINA WINE MIXER INC,D-TOUR,49 W CHIPPEWA ST,,BUFFALO,NY,14202,11/28/2023,11/28/2023,02/28/2025,11/30/2025,,6004891,,POINT (-78.87481 42.89043)
0340-23-337834,Erie,1,340,Restaurant,OGP HOSPITALITY LLC,OSTERIA 166,166 170 FRANKLIN ST,,BUFFALO,New York,14202,07/14/2025,07/14/2025,08/01/2025,07/31/2027,,3153682,,POINT (-78.87609 42.88777)
0370-23-336443,Erie,1,370,Food & Beverage Business,EXTRA EXTRA PIZZA INC,EXTRA EXTRA,549 W UTICA ST,,BUFFALO,New York,14213,05/07/2025,05/07/2025,06/01/2025,05/31/2027,,3169619,,POINT (-78.88717 42.91137)
0340-23-330144,Erie,1,340,Restaurant,BUFFALO SPORTSERVICE LLC,LOC MAIN CONCOURSE,KEY BANK CENTER,1 SEYMOUR H KNOX III PLAZA,BUFFALO,New York,14203,08/07/2025,08/07/2025,11/27/2024,08/31/2026,,3004763,,
0340-22-311243,Erie,1,340,Restaurant,BROTHERS RESTAURANT & BAR LLC,BROTHERS RESTAURANT & BAR,475 ELLICOTT ST,AKA 461 ELLICOT ST,BUFFALO,New York,14215,07/16/2025,07/16/2025,10/09/2024,09/30/2026,,3168351,,POINT (-78.87023 42.89131)
0340-23-338447,Erie,1,340,Restaurant,CAPE HARBOR MANAGEMENT LLC,CHARLIE'S BOAT YARD,1111 FUHRMANN BLVD,,BUFFALO,New York,14203,05/07/2025,05/07/2025,10/01/2023,09/30/2025,,3163117,,POINT (-78.86226 42.84914)
0370-23-333072,Erie,1,370,Food & Beverage Business,RBCPROD LLC,RESURGENCE BREWING COMPANY,55 CHICAGO ST,STE 100,BUFFALO,New York,14204,05/23/2025,05/23/2025,06/01/2025,05/31/2027,,3162308,,POINT (-78.86876 42.86997)
0340-23-331190,Erie,1,340,Restaurant,DITONDO'S LLC,DI TONDO'S/DI TONDO,370 SENECA ST,,BUFFALO,New York,14204,03/07/2025,03/07/2025,04/01/2025,03/31/2027,,3164120,,POINT (-78.86289 42.87833)
0340-22-313476,Erie,1,340,Restaurant,VAG DEVELOPMENT INC,LAS PUERTAS,385-387 RHODE ISLAND ST,,BUFFALO,New York,14213,12/11/2023,12/11/2023,01/01/2024,12/31/2025,,3158935,,POINT (-78.88712 42.91086)
0340-24-331253,Erie,1,340,Restaurant,STEEL LEAF BREWING COMPANY LLC,,1488 Hertel Ave,Unit A-2,Buffalo,New York,14216,10/03/2024,10/03/2024,10/03/2024,09/30/2026,,6039952,,POINT (-78.85266 42.948)
0340-23-332218,Erie,1,340,Restaurant,TASTE LLC,SZND,1448 HERTEL AVE,,BUFFALO,New York,14216,04/18/2025,04/18/2025,05/01/2025,04/30/2027,,3162424,,POINT (-78.85468 42.94772)
0340-23-329793,Erie,1,340,Restaurant,CARIBBEAN EXPERIENCE REST & LOUNGE INC,CARIBBEAN EXPERIENCE REST & LOUNGE,2897 BAILEY AVE,,BUFFALO,New York,14215,03/31/2025,03/31/2025,04/01/2025,03/31/2027,,3005078,,POINT (-78.81347 42.93341)
0340-22-305361,Erie,1,340,Restaurant,GABRIELS GATE INC,,145 ALLEN ST,,BUFFALO,New York,14201,04/17/2024,04/17/2024,05/01/2024,04/30/2026,,3102916,,POINT (-78.87535 42.89946)
0340-22-312720,Erie,1,340,Restaurant,BUFFALO GRAYLYNN INC,GRAYLYNN,537 MAIN ST,,BUFFALO,New York,14203,09/11/2024,09/11/2024,10/01/2024,09/30/2026,,3164858,,POINT (-78.87357 42.88817)
0340-23-329581,Erie,1,340,Restaurant,BUFFALO SPORTSERVICE LLC,LOC HEADLINES BAR,KEY BANK CENTER,1 SEYMOUR H KNOX III PLAZA,BUFFALO,New York,14203,08/21/2023,08/21/2023,09/01/2023,08/31/2025,,3004762,,
0340-22-313282,Erie,1,340,Restaurant,"ELEVEN LIGHTS, INC.",BALLYHOO,211 SOUTH PARK AVE,,BUFFALO,New York,14204,08/22/2024,08/22/2024,09/01/2024,08/31/2026,,3155020,,POINT (-78.87155 42.87295)
0370-23-359980,Erie,1,370,Food & Beverage Business,GILDED BUFFALO LLC,GILDED BUFFALO,55 CHICAGO ST,STE 110,BUFFALO,NY,14204,10/31/2023,10/31/2023,02/14/2025,10/31/2025,,6002329,,POINT (-78.86876 42.86997)
0340-22-313810,Erie,1,340,Restaurant,RIVERSIDE PLACE LLC,RIVERSIDE PLACE,1083 TONAWANDA ST,,BUFFALO,New York,14207,07/11/2024,07/11/2024,08/01/2024,07/31/2026,,3160583,,POINT (-78.90794 42.95767)
0340-22-314321,Erie,1,340,Restaurant,KATERI LOM LLC,COCO BY LE METRO,888 MAIN ST,,BUFFALO,New York,14202,07/24/2024,07/24/2024,08/01/2024,07/31/2026,,3152073,,POINT (-78.87035 42.89806)
0370-23-365405,Erie,1,370,Food & Beverage Business,51 CHIPPEWA LLC,FRANKIE PRIMO'S PLUS 39,51 W CHIPPEWA ST,,BUFFALO,NY,14202,12/29/2023,12/29/2023,12/29/2023,12/31/2025,,6007805,,POINT (-78.87493 42.89045)
0340-23-336996,Erie,1,340,Restaurant,RED SAUCE RESTAURANTS LLC,INIZIO,534 ELMWOOD AVE,,BUFFALO,New York,14222,09/06/2023,09/06/2023,10/01/2023,09/30/2025,,3162832,,POINT (-78.8771 42.91158)
0340-22-306175,Erie,1,340,Restaurant,BUFFALO RIVER FEST PARK LLC,THE TEWKSBURY LODGE,249 OHIO ST,,BUFFALO,New York,14204,05/17/2024,05/17/2024,06/01/2024,05/31/2026,,3157574,,POINT (-78.87007 42.87)
0370-23-328494,Erie,1,370,Food & Beverage Business,ARMAD RAY,THA WELL,1038 SMITH ST,,BUFFALO,New York,14212,07/31/2025,07/31/2025,08/01/2025,07/31/2027,,3171959,,POINT (-78.84402 42.88974)
0340-22-305853,Erie,1,340,Restaurant,BUFFALO CHOP HOUSE INC,BUFFALO CHOP HOUSE,282 FRANKLIN ST,,BUFFALO,New York,14202,10/22/2024,10/22/2024,11/01/2024,10/31/2026,,3115406,,POINT (-78.87523 42.892)
0340-24-325622,Erie,1,340,Restaurant,Parivaar LLC,Parivaar Pub,708 Elmwood Ave,,Buffalo,NY,14222,08/22/2024,08/22/2024,08/22/2024,07/31/2026,,6034165,,POINT (-78.87705 42.9164)
0340-23-327810,Erie,1,340,Restaurant,"BE OUR GUEST, LTD.",BE OUR GUEST,140 LEE ST,,BUFFALO,New York,14210,04/15/2025,04/15/2025,05/01/2025,04/30/2027,,3170092,,POINT (-78.8422 42.86577)
0370-23-329762,Erie,1,370,Food & Beverage Business,HOPPERS RUSH INN INC,HOPPER'S RUSH INN,2104 SENECA ST,,BUFFALO,New York,14210,09/19/2023,09/19/2023,10/01/2023,09/30/2025,,3004939,,POINT (-78.8092 42.85488)
0370-23-327269,Erie,1,370,Food & Beverage Business,PAUL J FEGER,BLACK DOGS TAVERN,2015 SOUTH PARK AVE,,BUFFALO,New York,14220,09/11/2023,09/11/2023,10/01/2023,09/30/2025,,3005260,,POINT (-78.82374 42.84386)
0370-23-334325,Erie,1,370,Food & Beverage Business,"IT'S THE JOINT, INC.",MACKYS THE ESSEX STREET PUB,530 RHODE ISLAND ST,,BUFFALO,New York,14213,05/08/2025,05/08/2025,07/01/2025,06/30/2027,,3150163,,POINT (-78.88264 42.91316)
0370-23-328409,Erie,1,370,Food & Beverage Business,TSHTB LLC,THIRSTY BUFFALO,555 ELMWOOD AVE,,BUFFALO,New York,14222,05/16/2025,05/16/2025,07/01/2025,06/30/2027,,3171463,,POINT (-78.87709 42.91203)
0340-22-303737,Erie,1,340,Restaurant,LFH BUFFALO INC,"TEMPO, ANGELINE",581 DELAWARE AVE,,BUFFALO,New York,14202,08/08/2024,08/08/2024,09/01/2024,08/31/2026,,3122899,,POINT (-78.8738 42.89999)
0340-22-311379,Erie,1,340,Restaurant,DYOUVILLE ENTERTAINMENT LLC,KAVINOKY CABARET,320 PORTER AVE,,BUFFALO,New York,14201,04/07/2025,04/07/2025,10/01/2024,09/30/2026,,3168056,,POINT (-78.89084 42.90243)
0340-22-310986,Erie,1,340,Restaurant,"BE OUR GUEST, LTD.",CENTERFIELD TENT AREA,1 JAMES D GRIFFIN PLAZA,,BUFFALO,New York,14203,03/26/2024,03/26/2024,04/01/2024,03/31/2026,,3004741,,POINT (-78.87445 42.88167)
0370-21-320132,Erie,1,370,Food & Beverage Business,PORKYS AMBER LOUNGE LLC,PORKY'S AMBER LOUNGE,2028 CLINTON ST,,BUFFALO,New York,14206,11/03/2023,11/03/2023,11/03/2023,10/31/2025,,3162829,,POINT (-78.80149 42.87178)
0370-23-333304,Erie,1,370,Food & Beverage Business,POUR CHOICES INC,,107 ABBOTT RD,,BUFFALO,New York,14220,05/01/2025,05/01/2025,06/01/2025,05/31/2027,,3171586,,POINT (-78.82542 42.8564)
0370-23-338413,Erie,1,370,Food & Beverage Business,"49 ILLINOIS RESTAURANT, LLC",BUFFALO IRON WORKS,49 ILLINOIS ST,,BUFFALO,New York,14203,10/22/2024,10/22/2024,10/22/2024,09/30/2025,,3153912,,POINT (-78.87472 42.8747)
0340-22-307349,Erie,1,340,Restaurant,CAPITANO LLC,V/ICE,500 PEARL ST,STE 111,BUFFALO,New York,14202,12/09/2024,12/09/2024,01/01/2025,12/31/2026,,3164117,,POINT (-78.874 42.89277)
0370-23-327167,Erie,1,370,Food & Beverage Business,SILVER FOX INN INC,SILVER FOX INN,2249 BROADWAY,,BUFFALO,New York,14212,09/21/2023,09/21/2023,10/01/2023,09/30/2025,,3005021,,POINT (-78.79164 42.89968)
0370-23-327993,Erie,1,370,Food & Beverage Business,JUST LIKE THAT LLC,POTTER'S FIELD RESTAURANT & PUB,425 POTTERS RD,T/O WEST SENECA,BUFFALO,New York,14220,05/09/2025,05/09/2025,07/01/2025,06/30/2027,,3171079,,POINT (-78.79862 42.83888)
0340-24-304875,Erie,1,340,Restaurant,VPDJS INC,KUNI'S SUSHI BAR,226 Lexington Ave,,Buffalo,New York,14222,02/27/2024,02/27/2024,02/27/2024,01/31/2026,,6012874,,POINT (-78.87851 42.9132)
0340-25-306770,Erie,1,340,Restaurant,Mister Potts LLC,Mister Potts,1235 Hertel Ave,Ste 1B,Buffalo,New York,14216,04/07/2025,04/07/2025,04/07/2025,03/31/2027,,6056283,,POINT (-78.86253 42.94777)
0340-22-307256,Erie,1,340,Restaurant,FIVE POINTS BAKERY INC,FIVE POINTS BAKERY,44 BRAYTON ST,,BUFFALO,New York,14213,01/25/2024,01/25/2024,02/01/2024,01/31/2026,,3163676,,POINT (-78.88533 42.91099)
0340-22-304053,Erie,1,340,Restaurant,TAJ GRILL INC,TAJ GRILL,2290 DELAWARE AVE,,BUFFALO,New York,14216,10/11/2024,10/11/2024,10/11/2024,09/30/2026,,3152367,,POINT (-78.86887 42.94634)
0340-23-339314,Erie,1,340,Restaurant,SABRE AVALANCHE GROUP LLC,ALLEN BURGER VENTURE,173 ALLEN ST,,BUFFALO,New York,14201,02/27/2025,02/27/2025,03/01/2025,02/28/2027,,3155366,,POINT (-78.87652 42.89946)
0340-22-302938,Erie,1,340,Restaurant,RISTORANTE LOMBARDO LLC,RISTORANTE LOMBARDO,1198 HERTEL AVE,,BUFFALO,New York,14216,02/06/2024,02/06/2024,02/06/2024,01/31/2026,,3156926,,POINT (-78.8638 42.94777)
0370-23-327260,Erie,1,370,Food & Beverage Business,TALTY'S INC,TALTY'S,2056 SOUTH PARK AVENUE,,BUFFALO,New York,14220,06/03/2025,06/03/2025,07/01/2025,06/30/2027,,3005267,,POINT (-78.82374 42.84275)
0340-22-307698,Erie,1,340,Restaurant,VINCENT S GUARINO & JAMES D GUARINO,SHANGO,3260 MAIN ST,,BUFFALO,New York,14214,10/01/2024,10/01/2024,10/01/2024,09/30/2026,,3164943,,POINT (-78.82429 42.95263)
0370-23-329662,Erie,1,370,Food & Beverage Business,TUDOR LOUNGE INC,TUDOR LOUNGE,335 337 FRANKLIN ST,,BUFFALO,New York,14202,09/11/2023,09/11/2023,10/01/2023,09/30/2025,,3005639,,POINT (-78.87409 42.89397)
0340-23-329667,Erie,1,340,Restaurant,ALBRIGHT KNOX RESTAURANT INC,CORNELIA,1285 ELMWOOD AVE,,BUFFALO,New York,14222,09/06/2023,09/06/2023,10/01/2023,09/30/2025,,3005350,,POINT (-78.87702 42.93218)
0370-23-365251,Erie,1,370,Food & Beverage Business,"HEIGHTS EXPERIENCE LLC, THE",THE HEIGHTS EXPERIENCE,3148 MAIN ST,,BUFFALO,NY,14214,12/28/2023,12/28/2023,12/28/2023,12/31/2025,,6007650,,POINT (-78.82687 42.95038)
0340-24-327257,Erie,1,340,Restaurant,WIND GROUP INC,WIND JAPANESE AND THAI BUFFALO,7566 Transit Rd,,Buffalo,NY,14221,09/05/2024,09/05/2024,09/05/2024,08/31/2026,,6035840,,POINT (-78.69757 42.97408)
0340-22-310689,Erie,1,340,Restaurant,257 FRANKLIN LLC,BANSHEE IRISH PUB,257 FRANKLIN ST,BASEMENT/1ST & 2ND FLOORS,BUFFALO,New York,14202,01/12/2024,01/12/2024,02/01/2024,01/31/2026,,3168135,,POINT (-78.87494 42.89119)
0340-25-315922,Erie,1,340,Restaurant,Jermark LLC,Buffalo Tap House,85 W Chippewa St,,Buffalo,New York,14202,07/08/2025,07/08/2025,07/08/2025,06/30/2027,,6065584,,POINT (-78.87615 42.89065)
0340-23-329484,Erie,1,340,Restaurant,KLENK & KLENK INC,MOTHER'S RESTAURANT,33 VIRGINIA PL,,BUFFALO,New York,14202,08/04/2025,08/04/2025,09/01/2025,08/31/2027,,3159562,,POINT (-78.87365 42.89775)
0340-23-330137,Erie,1,340,Restaurant,PAUL F KWIATKOWSKI,ARTYS GRILL,508 PECKHAM ST,,BUFFALO,New York,14206,01/21/2025,01/21/2025,02/01/2025,01/31/2027,,3004818,,POINT (-78.83547 42.88786)
0370-23-334700,Erie,1,370,Food & Beverage Business,Seneca Erie Gaming Corporation,SENECA BUFFALO CREEK CASINO,1 FULTON ST,,BUFFALO,New York,14204,06/30/2025,06/30/2025,08/01/2025,07/31/2027,,3153080,,POINT (-78.87139 42.87342)
0340-23-327972,Erie,1,340,Restaurant,ALL UNDER HEAVEN LLC,K:DARA NOODLE BAR,110 PEARL ST,,BUFFALO,NY,14202,08/01/2025,08/01/2025,08/01/2025,06/30/2027,,3171597,,POINT (-78.87712 42.88185)
0370-23-364686,Erie,1,370,Food & Beverage Business,PUB LORI INC,THE PUB 2115,2115 SOUTH PARK AVE,,BUFFALO,NY,14220,12/19/2023,12/19/2023,12/19/2023,12/31/2025,,6007082,,POINT (-78.82377 42.8411)
0370-22-331166,Erie,1,370,Food & Beverage Business,"Canisius University of Buffalo, NY",STUDENT CENTER BLDG,80 HUGHES AVE,,BUFFALO,New York,14208,05/01/2025,05/01/2025,10/08/2024,09/30/2026,,3007898,,POINT (-78.85121 42.92457)
0340-22-311192,Erie,1,340,Restaurant,SELECT POUR VENTURES LLC,THE DRAFT ROOM,79 PERRY ST,,BUFFALO,New York,14203,03/08/2024,03/08/2024,04/01/2024,03/31/2026,,3168149,,POINT (-78.87436 42.87534)
0340-22-311522,Erie,1,340,Restaurant,SPORTS CITY PIZZA PUB INC,SPORTS CITY PIZZA PUB,1407 NIAGARA ST,,BUFFALO,New York,14213,09/05/2024,09/05/2024,09/05/2024,08/31/2026,,3156558,,POINT (-78.8979 42.92215)
0340-23-339035,Erie,1,340,Restaurant,GREZI LLC,GREZI,4543 MAIN ST,,BUFFALO,New York,14226,05/23/2025,05/23/2025,07/01/2025,06/30/2027,,3171102,,POINT (-78.78197 42.96283)
0370-23-331771,Erie,1,370,Food & Beverage Business,SOUTH SIDE CATHOLIC CLUB INC,SOUTH SIDE CATHOLIC CLUB,261 SOUTH LEGION DR,NOT-FOR-PROFIT,BUFFALO,New York,14220,02/12/2025,02/12/2025,03/01/2025,02/28/2027,,3125828,,POINT (-78.81808 42.85646)
0370-23-338590,Erie,1,370,Food & Beverage Business,SHORTYS TAVERN INC,SHORTY'S TAVERN,271 HOWARD ST,,BUFFALO,New York,14206,08/23/2023,08/23/2023,09/01/2023,08/31/2025,,3166795,,POINT (-78.84386 42.88337)
0340-22-310122,Erie,1,340,Restaurant,DEATH TAXES AND TACOS INC,CASA AZUL,191 ALLEN ST,,BUFFALO,New York,14201,01/19/2024,01/19/2024,02/01/2024,01/31/2026,,3168238,,POINT (-78.87697 42.89946)
0340-23-332224,Erie,1,340,Restaurant,MARTIN COOKS LLC,ROOST,1502 NIAGARA ST,,BUFFALO,New York,14213,03/14/2025,03/14/2025,04/01/2025,03/31/2027,,3157985,,POINT (-78.89805 42.9246)
0370-22-330952,Erie,1,370,Food & Beverage Business,Marsha A Szlis as the Executor of the Estate of Richard J Szlis,SMOKYS,805 S DIVISION ST,,BUFFALO,New York,14210,11/27/2024,11/27/2024,11/27/2024,09/30/2026,,3007904,,POINT (-78.84572 42.8775)
0340-23-329580,Erie,1,340,Restaurant,BUFFALO SPORTSERVICE LLC,LOC HARBOR CLUB 200,KEY BANK CENTER,1 SEYMOUR H KNOX III PLAZA,BUFFALO,New York,14203,08/21/2023,08/21/2023,09/01/2023,08/31/2025,,3004760,,
0340-23-335867,Erie,1,340,Restaurant,ARBTIME INC,BETTY'S,370 VIRGINIA ST,,BUFFALO,New York,14201,07/16/2025,07/16/2025,08/01/2025,07/31/2027,,3159433,,POINT (-78.87823 42.89676)
0370-23-327150,Erie,1,370,Food & Beverage Business,SPORTSMENS TAVERN LLC,,326 AMHERST ST,,BUFFALO,New York,14207,09/15/2023,09/15/2023,10/01/2023,09/30/2025,,3004886,,POINT (-78.89166 42.93761)
0340-22-306041,Erie,1,340,Restaurant,BUFFALO SPORTSERVICE LLC,POUR MANS AUD CLUB,KEY BANK CENTER,1 SEYMOUR H KNOX III PLAZA,BUFFALO,New York,14203,02/22/2024,02/22/2024,03/01/2024,02/28/2026,,3121928,,
0340-23-327081,Erie,1,340,Restaurant,"Fat Bob's Smokehouse, LLC",FAT BOBS SMOKEHOUSE,41 VIRGINIA PLACE,,BUFFALO,New York,14202,08/17/2023,08/17/2023,09/01/2023,08/31/2025,,3118516,,POINT (-78.87359 42.89793)
0340-23-328227,Erie,1,340,Restaurant,VAULT @ 237 LLC,VAULT @ 237,237 MAIN ST,GROUND FLOOR,BUFFALO,New York,14203,06/13/2025,06/13/2025,07/01/2025,06/30/2027,,3171266,,POINT (-78.87598 42.88088)
0340-22-303633,Erie,1,340,Restaurant,RIBEYE ZEUS LLC,LIBERTY HOUND,1 NAVAL PARK COVE,,BUFFALO,New York,14202,05/13/2024,05/13/2024,06/01/2024,05/31/2026,,3151643,,POINT (-78.87945 42.87761)
0340-23-335529,Erie,1,340,Restaurant,FAVA INC,JT'S,905 ELMWOOD AVE,,BUFFALO,New York,14222,04/04/2025,04/04/2025,05/01/2025,04/30/2027,,3158236,,POINT (-78.87702 42.92194)
0340-22-313286,Erie,1,340,Restaurant,"PUBLIC HOUSE OF BUFFALO INC, THE",,1206 HERTEL AVE,,BUFFALO,New York,14216,06/26/2024,06/26/2024,07/01/2024,06/30/2026,,3155037,,POINT (-78.86353 42.94777)
0340-23-339134,Erie,1,340,Restaurant,"DAVE & BUSTER'S OF NEW YORK, INC.",DAVE & BUSTER'S,1 WALDEN GALLERIA,"SPACE TH171, GALLERIA DRIVE",BUFFALO,New York,14225,02/10/2025,02/10/2025,09/01/2023,08/31/2025,,3155713,,POINT (-78.76252 42.91231)
0340-22-309011,Erie,1,340,Restaurant,TYRONTIKA PETTIGREW,SOUL PLACE,479 GENESEE ST,,BUFFALO,New York,14204,11/12/2024,11/12/2024,11/12/2024,10/31/2026,,3161263,,POINT (-78.85795 42.89457)
0340-23-329735,Erie,1,340,Restaurant,CHEFS RESTAURANT OF BFLO INC,CHEFS RESTAURANT,291 SENECA STREET,,BUFFALO,New York,14204,09/26/2023,09/26/2023,10/01/2023,09/30/2025,,3005642,,POINT (-78.8656 42.87882)
0370-23-316020,Erie,1,370,Food & Beverage Business,KIEBZAK'S RESTAURANT LTD,KIEBZAK'S RESTAURANT,38 CROCKER ST        T/O SLOAN,,BUFFALO,New York,14212,09/22/2024,09/22/2024,10/01/2024,09/30/2026,,3007916,,POINT (-78.78843 42.89344)
0340-23-329792,Erie,1,340,Restaurant,TRACY STREET PRODUCTIONS INC,THE STEER/PEANUT GALLERY,3151 MAIN ST,,BUFFALO,New York,14214,06/27/2023,06/27/2023,09/01/2023,08/31/2025,,3005069,,POINT (-78.82702 42.95025)
0340-22-304482,Erie,1,340,Restaurant,MEZZA INC,HEARTH & PRESS/H & P,665 MAIN ST,STE 100,BUFFALO,New York,14203,09/06/2024,09/06/2024,09/06/2024,08/31/2026,,3157761,,POINT (-78.75062 42.83394)
0370-23-328326,Erie,1,370,Food & Beverage Business,TWENTY SIX OF BUFFALO INC,26,26 ALLEN ST,,BUFFALO,New York,14202,05/07/2025,05/07/2025,07/01/2025,06/30/2027,,3170772,,POINT (-78.87095 42.8994)
0340-22-304141,Erie,1,340,Restaurant,JOHN W HOFMANN JR,THE BUFFALO BAR & GRILLE,307 LOUISIANA ST,,BUFFALO,New York,14204,10/29/2024,10/29/2024,11/01/2024,10/31/2026,,3132937,,POINT (-78.86512 42.87002)
0340-22-308848,Erie,1,340,Restaurant,PARK VUE LLC,PARK VUE SOUL FOOD BAR AND RESTAURANT,34 S CROSSMAN AVE,,BUFFALO,New York,14211,05/10/2024,05/10/2024,05/10/2024,04/30/2026,,3163549,,POINT (-78.80254 42.91283)
0340-22-314267,Erie,1,340,Restaurant,FCPC HOLDINGS INC,FRESH CATCH POKE CO,500 PEARL ST,STE 107,BUFFALO,New York,14202,01/29/2024,01/29/2024,02/01/2024,01/31/2026,,3163712,,POINT (-78.874 42.89277)
0370-23-327262,Erie,1,370,Food & Beverage Business,3989 MAIN STREET INC,BRUNNERS,3989 3991 MAIN ST,,BUFFALO,New York,14226,08/21/2023,08/21/2023,10/01/2023,09/30/2025,,3005517,,POINT (-78.80247 42.96395)
0370-23-329669,Erie,1,370,Food & Beverage Business,SOUTH BUFFALO POST 721,AMERICAN LEGION INC,136 CAZENOVIA ST,NOT-FOR-PROFIT,BUFFALO,NY,14210,02/07/2025,02/07/2025,03/01/2025,02/28/2027,,3004949,,POINT (-78.80906 42.85106)
0370-23-319882,Erie,1,370,Food & Beverage Business,PATRICK H KELLY ENTERPRSES INC,KELLYS KORNER,2526 DELAWARE AVE,,BUFFALO,New York,14216,09/15/2023,09/15/2023,10/01/2025,09/30/2027,,3007927,,POINT (-78.86903 42.95289)
0340-23-336049,Erie,1,340,Restaurant,STRUCO LLC,BIJOU GRILLE,643 MAIN ST,,BUFFALO,New York,14203,02/05/2025,02/05/2025,03/01/2025,02/28/2027,,3169725,,POINT (-78.87249 42.89137)
0340-23-339280,Erie,1,340,Restaurant,BUFFALO RIVERWORKS LLC,BUFFALO RIVERWORKS (1ST FLOOR MAIN BAR),359 GANSON ST,,BUFFALO,NY,14203,06/23/2025,06/23/2025,07/01/2025,06/30/2027,,3166282,,POINT (-78.87271 42.86955)
0340-22-314513,Erie,1,340,Restaurant,MILKIES ON ELMWOOD INC,,522 ELMWOOD AVE,,BUFFALO,New York,14222,05/28/2024,05/28/2024,06/01/2024,05/31/2026,,3151540,,POINT (-78.8771 42.9113)
0340-23-327944,Erie,1,340,Restaurant,FLOBAR LLC,CIAO CIAO,1368 HERTEL AVE,,BUFFALO,New York,14216,08/07/2025,08/07/2025,09/01/2025,08/31/2027,,3170304,,POINT (-78.85723 42.94773)
0340-23-329672,Erie,1,340,Restaurant,BUFFALO SPORTSERVICE LLC,LOC CLUB LEVEL,KEY BANK CENTER,1 SEYMOUR H KNOX III PLAZA,BUFFALO,New York,14203,08/21/2023,08/21/2023,09/01/2023,08/31/2025,,3004764,,
0340-23-328862,Erie,1,340,Restaurant,ABBOTT ROAD ENTERPRISES LLC,GRIFFINS,81 ABBOTT RD,,BUFFALO,New York,14220,02/26/2025,02/26/2025,03/01/2025,02/28/2027,,3169853,,POINT (-78.82621 42.85654)
0340-23-338489,Erie,1,340,Restaurant,FALLIE ALLEN LLC,FALLIE ALLEN,204 ALLEN ST,,BUFFALO,New York,14201,01/15/2025,01/15/2025,03/01/2025,02/28/2027,,3157671,,POINT (-78.87763 42.89947)
0370-23-332881,Erie,1,370,Food & Beverage Business,PANDORA'S SPORTS BAR INC,PANDORA'S SPORTS BAR,2261 FILLMORE AVE,,BUFFALO,New York,14214,08/10/2023,08/10/2023,09/01/2023,08/31/2025,,3110089,,POINT (-78.83924 42.93548)
0370-23-337965,Erie,1,370,Food & Beverage Business,JUKEBOX BAR & GRILL LLC,JUKEBOX BAR & GRILL,1738 WILLIAM ST,,BUFFALO,New York,14206,02/26/2025,02/26/2025,03/01/2025,02/28/2027,,3166412,,POINT (-78.80649 42.88472)
0340-23-334930,Erie,1,340,Restaurant,CURRYS RESTAURANT INC,CURRYS RESTAURANT,864 KENMORE AVE,,BUFFALO,New York,14216,02/03/2025,02/03/2025,03/01/2025,02/28/2027,,3133483,,POINT (-78.85038 42.95843)
0370-23-334977,Erie,1,370,Food & Beverage Business,GIVE IT A SHOT INC,TILLY'S TAVERN,692 FULTON ST,,BUFFALO,New York,14210,09/29/2023,09/29/2023,11/01/2023,10/31/2025,,3153785,,POINT (-78.84582 42.86947)
0340-24-339548,Erie,1,340,Restaurant,The Dog & Pony Saloon LLC,The Dog & Pony Saloon,2115 Seneca St,,Buffalo,New York,14210,12/19/2024,12/19/2024,12/19/2024,11/30/2026,,6048434,,POINT (-78.80917 42.85434)
0340-22-314775,Erie,1,340,Restaurant,LARKIN SQUARE LLC & BRATTS HILL LLC,BRATTS HILL BY CHEF DARIAN BRYAN,719 SENECA ST,AKA 745 SENECA ST,BUFFALO,New York,14210,05/31/2024,05/31/2024,06/01/2024,05/31/2026,,3151676,,POINT (-78.84982 42.87635)
0340-23-329541,Erie,1,340,Restaurant,BUFFALO SPORTSERVICE LLC,LOC HARBOR CLUB 100,KEY BANK CENTER,1 SEYMOUR H KNOX III PLAZA,BUFFALO,New York,14203,08/21/2023,08/21/2023,09/01/2023,08/31/2025,,3004758,,
0370-22-331167,Erie,1,370,Food & Beverage Business,EDWARD J TOKARCZYK JR,PARK LOUNGE,1761 CLINTON ST,,BUFFALO,New York,14206,09/23/2024,09/23/2024,10/01/2024,09/30/2026,,3007881,,POINT (-78.81132 42.87193)
0340-22-312148,Erie,1,340,Restaurant,PHAT CATZ OF WNY INC,,965 KENSINGTON AVE,,BUFFALO,New York,14215,04/08/2024,04/08/2024,05/01/2024,04/30/2026,,3156578,,POINT (-78.81855 42.93598)
0340-23-337927,Erie,1,340,Restaurant,"SOUTHERN TIER BREWING COMPANY, LLC",SOUTHERN TIER BREWING COMPANY,75 MAIN ST,,BUFFALO,New York,14203,08/31/2023,08/31/2023,09/01/2023,08/31/2025,,3167071,,POINT (-78.87724 42.87667)
0340-24-321252,Erie,1,340,Restaurant,"OTHER HALF BREWING COMPANY, INC.",,1 SENECA ST,EAST PLAZA BUILDING 2,BUFFALO,New York,14203,07/12/2024,07/12/2024,07/12/2024,06/30/2026,,6029646,,POINT (-78.8754 42.8805)
0370-23-333225,Erie,1,370,Food & Beverage Business,CPGJP LLC,CENTRAL PARK GRILL,2519 MAIN ST,,BUFFALO,New York,14214,07/25/2025,07/25/2025,08/01/2025,07/31/2027,,3171591,,POINT (-78.84173 42.93683)
0370-23-362134,Erie,1,370,Food & Beverage Business,555 TAVERN LLC,ADOLF'S OLD FIRST WARD TAVERN,555 SOUTH PARK AVE,,BUFFALO,NY,14204,11/20/2023,11/20/2023,11/20/2023,11/30/2025,,6004503,,POINT (-78.85897 42.87076)
0370-24-310288,Erie,1,370,Food & Beverage Business,BEACON GRILLE INC,BEACON GRILLE,185 ALLEN ST,,BUFFALO,NY,14201,04/17/2024,04/17/2024,04/17/2024,03/31/2026,,6018401,,POINT (-78.87686 42.89946)
0370-24-331906,Erie,1,370,Food & Beverage Business,ALLEYWAY THEATRE INC,,1 CURTAIN UP ALLEY,N-F-P CORP,BUFFALO,New York,14202,10/28/2024,10/28/2024,11/01/2024,10/31/2026,,6040615,,POINT (-78.87239 42.89274)
0370-24-331120,Erie,1,370,Food & Beverage Business,Nietzsche's Cooperative,Nietzsche's,248 Allen St,,Buffalo,NY,14201,10/03/2024,10/03/2024,10/03/2024,09/30/2026,,6039818,,POINT (-78.87938 42.89948)
0370-24-334899,Erie,1,370,Food & Beverage Business,ROAD LESS TRAVELED PRODUCTIONS LTD,,456 MAIN ST,SUITE 100,BUFFALO,New York,14202,11/05/2024,11/05/2024,12/01/2024,11/30/2026,,6043705,,POINT (-78.87409 42.88657)
0370-24-307873,Erie,1,370,Food & Beverage Business,Pucho Inc,,261 SWAN ST,,BUFFALO,New York,14204,04/30/2024,04/30/2024,04/30/2024,03/31/2026,,6015922,,POINT (-78.86586 42.88018)
0370-24-323841,Erie,1,370,Food & Beverage Business,277 AMHERST STREET INC,BARRYS BAR & GRILL,277 AMHERST ST,,BUFFALO,New York,14207,08/05/2024,08/05/2024,09/01/2024,08/31/2026,,6032308,,POINT (-78.89327 42.93704)
0370-24-337083,Erie,1,370,Food & Beverage Business,T SQUARED TEES & TAPS II LLC,T SQUARED TEES & TAPS,1425 Hertel Ave,,Buffalo,New York,14216,07/11/2025,07/11/2025,11/25/2024,10/31/2026,,6045937,,POINT (-78.8553 42.94772)
0370-24-310985,Erie,1,370,Food & Beverage Business,NEW GOLDEN NUGGET INC,,2046 2058 FILLMORE AVE,,BUFFALO,New York,14214,05/03/2024,05/03/2024,05/03/2024,04/30/2026,,6019138,,POINT (-78.83928 42.93003)
0370-24-324052,Erie,1,370,Food & Beverage Business,NEPHEWS BBQ LLC,NEPHEWS BBQ,1125 TONAWANDA ST,,BUFFALO,New York,14207,08/07/2024,08/07/2024,08/07/2024,07/31/2026,,6032547,,POINT (-78.90854 42.95884)
0370-24-303072,Erie,1,370,Food & Beverage Business,311 CONNECTICUT STREET INC,ARMORY TAVERN,311 CONNECTICUT ST,,BUFFALO,New York,14213,02/12/2024,02/12/2024,03/01/2024,02/28/2026,,6011053,,POINT (-78.88916 42.90512)
0370-24-320000,Erie,1,370,Food & Beverage Business,LUCKY RABBIT LLC,MISUTA CHOW'S,521 MAIN ST,,BUFFALO,NY,14203,07/01/2024,07/01/2024,07/01/2024,06/30/2026,,6028372,,POINT (-78.87343 42.88759)
0370-25-304295,Erie,1,370,Food & Beverage Business,Penny & US LLC,Penny's Coffee Shop,916 Main St,,Buffalo,New York,14202,03/06/2025,03/06/2025,03/06/2025,02/28/2027,,6053765,,POINT (-78.87009 42.89884)
0370-24-337739,Erie,1,370,Food & Beverage Business,Candice D. Crosby & Warren D. Colvin,Ginny's Bar & Grill,1149 E Ferry St,,Buffalo,New York,14211,12/03/2024,12/03/2024,12/03/2024,11/30/2026,,6046602,,POINT (-78.82152 42.91457)
0370-24-308809,Erie,1,370,Food & Beverage Business,CLASSIC LANES OPERATING LLC,CLASSIC LANES,1840 MILITARY RD,T/O TONAWANDA,BUFFALO,New York,14217,04/03/2024,04/03/2024,05/01/2024,04/30/2026,,6016861,,POINT (-78.88492 42.98726)
0370-24-338721,Erie,1,370,Food & Beverage Business,77 YOUNG STREET LLC,HOUSE OF CHARM,517 WASHINGTON ST,,BUFFALO,New York,14203,12/13/2024,12/13/2024,01/01/2025,12/31/2026,,6047595,,POINT (-78.87226 42.88801)
0370-25-314677,Erie,1,370,Food & Beverage Business,898 Lounge LLC,898 Lounge,898 Clinton St,,Buffalo,New York,14210,06/23/2025,06/23/2025,06/23/2025,05/31/2027,,6064324,,POINT (-78.84124 42.87964)
0370-24-327574,Erie,1,370,Food & Beverage Business,FAMOUS CORNER BAR & LOUNGE LLC,,16 SOUTH CEDAR ST,,BUFFALO,New York,14204,09/13/2024,09/13/2024,10/01/2024,09/30/2026,,6036171,,POINT (-78.86207 42.87862)
0370-24-314681,Erie,1,370,Food & Beverage Business,21ST AMENDMENT CORP.,COBBLESTONE,130 SOUTH PARK AVE,,BUFFALO,New York,14203,06/07/2024,06/07/2024,06/07/2024,05/31/2026,,6022948,,POINT (-78.87455 42.87349)
0370-24-323327,Erie,1,370,Food & Beverage Business,163 KERNS AVENUE INC,KERNS AVENUE BOWLING CENTER,163 KERNS AVE,,BUFFALO,New York,14211,08/16/2024,08/16/2024,08/16/2024,07/31/2026,,6031786,,POINT (-78.80732 42.91637)
0370-24-336266,Erie,1,370,Food & Beverage Business,FROTH BREWING CO LLC,FROTH BREWING CO,700 MILITARY RD,UNIT B & C,BUFFALO,New York,14216,11/25/2024,11/25/2024,01/01/2025,12/31/2026,,6045101,,POINT (-78.88961 42.95624)
0370-24-325449,Erie,1,370,Food & Beverage Business,TURNING BRIDGE TAVERN LLC,TURNING BRIDGE TAVERN,1797 NIAGARA ST,,BUFFALO,New York,14207,08/20/2024,08/20/2024,08/20/2024,07/31/2026,,6033985,,POINT (-78.90148 42.93305)
0370-24-313637,Erie,1,370,Food & Beverage Business,GVMP LLC,HOT MAMA'S CANTEEN,12 MILITARY RD,,BUFFALO,New York,14207,05/20/2024,05/20/2024,06/01/2024,05/31/2026,,6021882,,POINT (-78.89329 42.93732)
0370-24-303801,Erie,1,370,Food & Beverage Business,ADAMC38 INC,SIDELINES SPORTS BAR & GRILL,189 DELAWARE AVE,,BUFFALO,New York,14202,02/26/2024,02/26/2024,03/01/2024,02/28/2026,,6011787,,POINT (-78.87709 42.88969)
0370-24-324008,Erie,1,370,Food & Beverage Business,The New Spot Sports Bar LLC,The New Spot Sports Bar,1388 Broadway St,,Buffalo,New York,14212,08/06/2024,08/06/2024,08/06/2024,07/31/2026,,6032501,,POINT (-78.82344 42.89576)
0370-24-301406,Erie,1,370,Food & Beverage Business,D SWEET INC,SWEETS LOUNGE,2 SCHRECK AVE,,BUFFALO,NY,14215,01/22/2024,01/22/2024,01/22/2024,01/31/2026,,6009341,,POINT (-78.81779 42.92542)
0370-25-303279,Erie,1,370,Food & Beverage Business,"Allen St. Hardware Cafe, LLC",Allen St. Hardware Cafe,245 Allen St,,Buffalo,New York,14201,02/20/2025,02/20/2025,02/20/2025,01/31/2027,,6052728,,POINT (-78.87924 42.89948)
0370-24-303739,Erie,1,370,Food & Beverage Business,"CAFFE ELMWOOD LLC, THE",CAFFE AROMA,957 ELMWOOD AVE,,BUFFALO,New York,14222,02/13/2024,02/13/2024,02/13/2024,01/31/2026,,6011725,,POINT (-78.87657 42.92301)
0370-24-331909,Erie,1,370,Food & Beverage Business,REC ROOM HOLDINGS LLC,REC ROOM,79 W CHIPPEWA ST,,BUFFALO,NY,14202,10/31/2024,10/31/2024,11/01/2024,10/31/2026,,6040618,,POINT (-78.87589 42.8906)
0370-24-311193,Erie,1,370,Food & Beverage Business,LEATRICES LLC,CLUB 77 BAR & GRILL,1614 Broadway St,,Buffalo,NY,14212,04/25/2024,04/25/2024,04/25/2024,03/31/2026,,6019351,,POINT (-78.81513 42.89679)
0370-24-318238,Erie,1,370,Food & Beverage Business,JPP REAL TURTLE LLC,JP'S CHECKERS,1854 HERTEL AVE,,BUFFALO,New York,14216,06/20/2024,06/20/2024,07/01/2024,06/30/2026,,6026581,,POINT (-78.83926 42.94754)
0370-24-321756,Erie,1,370,Food & Beverage Business,BUFFALO'S MOHAWK PLACE LLC,BUFFALO'S MOHAWK PLACE,47 E MOHAWK ST,,BUFFALO,New York,14203,07/25/2024,07/25/2024,08/01/2024,07/31/2026,,6030179,,POINT (-78.87207 42.88692)
0370-24-336972,Erie,1,370,Food & Beverage Business,DANIEL HEDRICK EXECUTOR TO THE ESTATE OF,SUSAN HADRIK / TWILIGHT GRILL,494 HOWARD ST,,BUFFALO,NY,14206,12/12/2024,12/12/2024,12/12/2024,11/30/2026,,6045820,,POINT (-78.83554 42.88339)
0370-24-316963,Erie,1,370,Food & Beverage Business,IL MULINO INC,IL MULINO,465 WASHINGTON ST,STE 100,BUFFALO,New York,14203,06/14/2024,06/14/2024,07/01/2024,06/30/2026,,6025272,,POINT (-78.87257 42.88664)
0370-24-337588,Erie,1,370,Food & Beverage Business,"Egg Ventures, Inc",The Remedy House,429 Rhode Island St,,Buffalo,New York,14213,12/02/2024,12/02/2024,12/02/2024,11/30/2026,,6046450,,POINT (-78.88574 42.91158)
0370-24-304617,Erie,1,370,Food & Beverage Business,ERNIES WINE BAR INC,67 WEST,67 W CHIPPEWA ST,,BUFFALO,New York,14202,02/26/2024,02/26/2024,03/01/2024,02/28/2026,,6012611,,POINT (-78.87565 42.89056)
0370-24-336250,Erie,1,370,Food & Beverage Business,ELSWORTH OF BUFFALO CORP,LEFT BANK,511 RHODE ISLAND,,BUFFALO,New York,14213,11/26/2024,11/26/2024,12/01/2024,11/30/2026,,6045085,,POINT (-78.88309 42.91293)
0370-24-307832,Erie,1,370,Food & Beverage Business,"BUFFALO NOU CAMP INC, THE",MES QUE,1420 HERTEL AVE,,BUFFALO,New York,14216,03/29/2024,03/29/2024,04/01/2024,03/31/2026,,6015869,,POINT (-78.85559 42.94772)
0370-24-302270,Erie,1,370,Food & Beverage Business,1329 NIAGARA ST INC,SANTASIERO'S RESTAURANT,1329 NIAGARA ST,,BUFFALO,New York,14213,01/31/2024,01/31/2024,02/01/2024,01/31/2026,,6010234,,POINT (-78.89819 42.92032)
0370-24-305546,Erie,1,370,Food & Beverage Business,BARREL & BRINE INC,BARREL & BRINE,155 CHANDLER ST,STE 3,BUFFALO,New York,14207,03/08/2024,03/08/2024,03/08/2024,02/28/2026,,6013556,,POINT (-78.88523 42.94336)
0370-24-315617,Erie,1,370,Food & Beverage Business,DEADWOOD LLC,ULRICH'S 1868 TAVERN,674 ELLICOTT ST,,BUFFALO,New York,14203,05/31/2024,05/31/2024,06/01/2024,05/31/2026,,6023901,,POINT (-78.86845 42.89669)
0370-24-338600,Erie,1,370,Food & Beverage Business,EMERY LLC,UNDERGROUND NITECLUB,274 DELAWARE AVE,,BUFFALO,New York,14202,12/13/2024,12/13/2024,01/01/2025,12/31/2026,,6047471,,POINT (-78.87644 42.89179)
0370-24-337014,Erie,1,370,Food & Beverage Business,"GARAGE CAFE & LOUNGE LLC, THE",,1127 HERTEL AVE,,BUFFALO,New York,14216,11/26/2024,11/26/2024,01/01/2025,12/31/2026,,6045863,,POINT (-78.86638 42.94778)
0370-24-324062,Erie,1,370,Food & Beverage Business,PUTNAM WALKER INC,MCGARRETS,946 ELMWOOD AVE,CORNER OF BIDELL ST,BUFFALO,New York,14222,08/12/2024,08/12/2024,09/01/2024,08/31/2026,,6032557,,POINT (-78.87702 42.92291)
0370-24-309333,Erie,1,370,Food & Beverage Business,FRISICARO & FRISICARO INC,FRIZZY'S BAR & GRILL,140 ALLEN ST,,BUFFALO,New York,14201,04/18/2024,04/18/2024,05/01/2024,04/30/2026,,6017404,,POINT (-78.87523 42.89946)
0370-24-329967,Erie,1,370,Food & Beverage Business,FOUNDING FATHERS INC,FOUNDING FATHERS PUB,75 EDWARD ST,,BUFFALO,NY,14202,09/28/2024,09/28/2024,10/01/2024,09/30/2026,,6038636,,POINT (-78.87428 42.89566)
0370-24-322477,Erie,1,370,Food & Beverage Business,CHS AAW LLC,SAINT NERI,220 LEXINGTON AVE,,Buffalo,New York,14222,07/24/2024,07/24/2024,07/24/2024,06/30/2026,,6030914,,POINT (-78.87834 42.9132)
0370-24-313697,Erie,1,370,Food & Beverage Business,MURRAYS TAVERN LLC,MURRAY'S TAVERN,2455 DELAWARE AVE,,BUFFALO,New York,14216,05/15/2024,05/15/2024,05/15/2024,04/30/2026,,6021943,,POINT (-78.86856 42.95109)
0370-24-302799,Erie,1,370,Food & Beverage Business,"PUB AT 38 SWAN INC, THE",UNION PUB,295 MAIN STREET,STE 114,BUFFALO,New York,14203,02/07/2024,02/07/2024,03/01/2024,02/28/2026,,6010777,,POINT (-78.87544 42.88249)
0370-24-321754,Erie,1,370,Food & Beverage Business,AMHERST STREET HOSPITALITY LLC,THE DAPPER GOOSE,491 AMHERST ST,,BUFFALO,New York,14207,07/10/2025,07/10/2025,08/01/2024,07/31/2026,,6030177,,POINT (-78.88611 42.93961)
0370-24-329644,Erie,1,370,Food & Beverage Business,MEDALLION VETERANS INC,AMVETS POST #13,25 REVIEW PLACE,NOT-FOR-PROFIT,BUFFALO,New York,14207,09/23/2024,09/23/2024,10/01/2024,09/30/2026,,6038308,,POINT (-78.9032 42.94658)
0370-24-332939,Erie,1,370,Food & Beverage Business,The Seneca Caz LLC,The Caz,2221 Seneca St,,Buffalo,NY,14210,10/16/2024,10/16/2024,10/16/2024,09/30/2026,,6041701,,POINT (-78.80675 42.85228)
0370-24-335190,Erie,1,370,Food & Beverage Business,MERRY SHELLEY LLC THE,THE MERRY SHELLEY,1122 HERTEL AVE,,BUFFALO,New York,14216,11/08/2024,11/08/2024,12/01/2024,11/30/2026,,6043999,,POINT (-78.8669 42.94806)
0370-24-333678,Erie,1,370,Food & Beverage Business,M T POCKETS INC,,1519 HERTEL AVE,,BUFFALO,New York,14216,10/25/2024,10/25/2024,11/01/2024,10/31/2026,,6042467,,POINT (-78.85195 42.9475)
0370-24-306131,Erie,1,370,Food & Beverage Business,THE RIVERFIELD 865 LLC,THE RIVERFIELD 865,865 ELK STREET,,BUFFALO,New York,14210,03/12/2024,03/12/2024,03/12/2024,02/28/2026,,6014150,,POINT (-78.82222 42.8642)
0370-24-331061,Erie,1,370,Food & Beverage Business,"CLUB WINE BAR LLC, THE",THE LITTLE CLUB,1197 HERTEL AVE,,BUFFALO,New York,14216,10/08/2024,10/08/2024,11/01/2024,10/31/2026,,6039754,,POINT (-78.86379 42.94777)
0370-24-317295,Erie,1,370,Food & Beverage Business,SODEXO OPERATIONS LLC AND ALD DEVELOPMENT CORP,THE CLUB BUFFALO NIAGARA INTERNATIONAL AIRPORT,4200 GENESEE ST,2D09,BUFFALO,New York,14225,07/09/2024,07/09/2024,08/01/2024,07/31/2026,,6025618,,POINT (-78.73084 42.93426)
0370-24-323525,Erie,1,370,Food & Beverage Business,MATINEE LLC,MATINEE,698 MAIN ST,,BUFFALO,New York,14202,08/02/2024,08/02/2024,09/01/2024,08/31/2026,,6031987,,POINT (-78.8721 42.89289)
0370-25-307253,Erie,1,370,Food & Beverage Business,Centro Culturale Italiano di Buffalo,Centro Culturale Italiano di Buffalo,2351 Delaware Ave,,Buffalo,NY,14216,04/14/2025,04/14/2025,04/14/2025,03/31/2027,,6056772,,POINT (-78.86792 42.94779)
0370-24-335379,Erie,1,370,Food & Beverage Business,"BURNING BUFFALO INC, THE","THE BURNING BUFFALO BAR & GRILL, BURNING BUFFALO",1504 HERTEL AVE,,BUFFALO,New York,14216,11/08/2024,11/08/2024,12/01/2024,11/30/2026,,6044195,,POINT (-78.85229 42.94769)
0370-24-331960,Erie,1,370,Food & Beverage Business,SILO CITY LLC,DUENDE AT SILO CITY,85 SILO CITY ROW,,BUFFALO,New York,14203,10/11/2024,10/11/2024,11/01/2024,10/31/2026,,6040671,,POINT (-78.87881 42.8864)
0370-24-330920,Erie,1,370,Food & Beverage Business,6675 TRANSIT ROAD LLC,RUSSELLS STEAKS CHOPS AND MORE,6675 TRANSIT ROAD,,BUFFALO,New York,14221,10/04/2024,10/04/2024,11/01/2024,10/31/2026,,6039609,,POINT (-78.69472 42.95257)
0370-25-315384,Erie,1,370,Food & Beverage Business,Jambo Africa Lounge LLC,Jambo Africa Lounge,3047 Main St,,Buffalo,NY,14214,06/30/2025,06/30/2025,06/30/2025,05/31/2027,,6065038,,POINT (-78.82961 42.94788)
0370-24-336980,Erie,1,370,Food & Beverage Business,AMRESNE LLC,ROHALL'S CORNER,540 AMHERST ST,,BUFFALO,New York,14207,11/26/2024,11/26/2024,12/01/2024,11/30/2026,,6045828,,POINT (-78.88452 42.94018)
0370-24-300035,Erie,1,370,Food & Beverage Business,"PINK CHOW LLC, THE",FREE STREET TAVERN,1469 NIAGARA ST,,BUFFALO,NY,14213,01/02/2024,01/02/2024,01/02/2024,12/31/2025,,6007942,,POINT (-78.8979 42.9238)
0370-24-331206,Erie,1,370,Food & Beverage Business,"CLINTON LOUNGE LLC, THE",CLINTON LOUNGE,1895 CLINTON ST,,BUFFALO,New York,14206,10/07/2024,10/07/2024,11/01/2024,10/31/2026,,6039904,,POINT (-78.80638 42.87186)
0370-24-324469,Erie,1,370,Food & Beverage Business,BOXSTARR INC,THE ALLEY CAT,197 ALLEN ST,,BUFFALO,New York,14201,08/12/2024,08/12/2024,10/01/2024,09/30/2026,,6032978,,POINT (-78.87738 42.89946)
0370-24-305787,Erie,1,370,Food & Beverage Business,SOUTHERN JUNCTION INC,SOUTHERN JUNCTION,365 CONNECTICUT ST,,BUFFALO,New York,14213,03/07/2024,03/07/2024,03/07/2024,02/28/2026,,6013803,,POINT (-78.88745 42.90601)
0370-24-322997,Erie,1,370,Food & Beverage Business,SCHMACK & J A B LLC,MR GOODBAR,1108 1110 ELMWOOD AVE,,BUFFALO,New York,14222,07/31/2024,07/31/2024,09/01/2024,08/31/2026,,6031445,,POINT (-78.87704 42.92748)
0370-24-312135,Erie,1,370,Food & Beverage Business,HIGH VIOLET HOLDINGS LLC,"High Violet, No Fun",712 ELMWOOD AVE,,BUFFALO,New York,14222,06/20/2025,06/20/2025,11/09/2024,04/30/2026,,6020332,,POINT (-78.87705 42.91649)
0370-24-337017,Erie,1,370,Food & Beverage Business,"HOLLYWOOD TAVERN LLC, THE",THE OLD SCHOOL TAVERN,1263 CLINTON ST,,BUFFALO,New York,14206,11/26/2024,11/26/2024,12/01/2024,11/30/2026,,6045866,,POINT (-78.82875 42.87542)
0370-24-304999,Erie,1,370,Food & Beverage Business,TJ AMUSEMENT INC,416,416 WILLIAM ST,,BUFFALO,New York,14204,03/05/2024,03/05/2024,04/01/2024,03/31/2026,,6012998,,POINT (-78.85594 42.88516)
0370-24-329647,Erie,1,370,Food & Beverage Business,DA BADA INC,BADA BING,42 W CHIPPEWA ST,,BUFFALO,New York,14202,09/23/2024,09/23/2024,10/01/2024,09/30/2026,,6038311,,POINT (-78.87452 42.89038)
0370-24-318375,Erie,1,370,Food & Beverage Business,Johnny McParlane's LLC,Molly Maguires,834 Abbott Rd,,Buffalo,New York,14220,06/20/2024,06/20/2024,06/20/2024,05/31/2026,,6026719,,POINT (-78.80857 42.84139)
0370-24-324778,Erie,1,370,Food & Beverage Business,Brandy's Pub LLC,Brandy's Pub,805 807 Elk St,,Buffalo,NY,14210,08/13/2024,08/13/2024,08/13/2024,07/31/2026,,6033292,,POINT (-78.82437 42.8646)
0370-24-308481,Erie,1,370,Food & Beverage Business,64 FRANKLIN INC,SOHO BAR (MAIN BAR - 1ST FLOOR),64 CHIPPEWA ST,,BUFFALO,NY,14202,03/30/2024,03/30/2024,04/01/2024,03/31/2026,,6016531,,POINT (-78.8754 42.89052)
0370-24-301000,Erie,1,370,Food & Beverage Business,SOUTHIE INC,DOC SULLIVANS,468 474 ABBOTT RD,,BUFFALO,NY,14220,01/16/2024,01/16/2024,01/16/2024,01/31/2026,,6008917,,POINT (-78.81481 42.85006)